Date,ITC.NS,HINDUNILVR.NS,ICICIBANK.NS,HDFCBANK.NS,BHARTIARTL.NS,RELIANCE.NS,TCS.NS,Other
2025-06-09,0.0,0.0,0.0,0.0,0.0,0.0,0.0,0.0
2025-06-10,0.0,0.0,0.0,0.0,0.0,0.0,0.0,0.0
2025-06-11,0.0,0.0,0.0,0.0,0.0,0.0,0.0,0.0
2025-06-12,0.0,0.0,0.0,0.0,0.0,0.0,0.0,0.0
2025-06-13,0.0,0.0,0.0,0.0,0.0,0.0,0.0,0.0
2025-06-16,0.0,0.0,0.0,0.0,0.0,0.0,0.0,0.0
2025-06-17,0.0,0.0,0.0,0.0,0.0,0.0,0.0,0.0
2025-06-18,0.0,0.0,0.0,0.0,0.0,0.0,0.0,0.0
2025-06-19,0.0,0.0,0.0,0.0,0.0,0.0,0.0,0.0
2025-06-20,0.0,0.0,0.0,0.0,0.0,0.0,0.0,0.0
2025-06-23,0.0,0.0,0.0,0.0,0.0,0.0,0.0,0.0
2025-06-24,0.0,0.0,0.0,0.0,0.0,0.0,0.0,0.0
2025-06-25,0.0,0.0,0.0,0.0,0.0,0.0,0.0,0.0
2025-06-26,0.0,0.0,0.0,0.0,0.0,0.0,0.0,0.0
2025-06-27,0.0,0.0,0.0,0.0,0.0,0.0,0.0,0.0
2025-06-30,0.15449405757872578,0.13490493279572358,0.12881840206767362,0.11756242681958734,0.05890457760345719,0.08905269752348008,0.06609770710557368,0.16151885081081424
2025-07-01,0.15391711906211106,0.13489112956760188,0.12752577148610364,0.11812662416763335,0.059162576890298,0.0906576523896867,0.06544865903424793,0.16164578959741754
2025-07-02,0.15361629093429371,0.13601229194983042,0.12756395283973374,0.11697231838503798,0.05976292214746709,0.09038027047404482,0.06553830518231904,0.16121944597080823
2025-07-03,0.15384948982852753,0.13645854615853445,0.12746411892504525,0.11710133977269707,0.059384007171923575,0.09037034282565616,0.06514327989835499,0.16122362096999399
2025-07-04,0.15275464009790138,0.13727000493597102,0.12830534440611308,0.1166224524541805,0.05901430890106787,0.09046393366536336,0.06516718812755681,0.16183676579732237
2025-07-07,0.15333953543753062,0.14075546156878785,0.12705409322057767,0.11594540739371499,0.05921399383515148,0.09086172689643741,0.06469720440387011,0.15997516758445832
2025-07-08,0.15350465817829598,0.13952028477407613,0.12742752160906562,0.11659371945242383,0.05901518777483541,0.09050108710326714,0.06449971311555204,0.16088560089833706
2025-07-09,0.15434783210712896,0.14132444589078233,0.12654756076738413,0.11717625157204921,0.0587215733982716,0.08941519100016361,0.06408191182392572,0.1603022606397721
2025-07-10,0.1542564604867424,0.14124207070578523,0.12656825067028007,0.11754435602602671,0.05743889771871848,0.08981307633191273,0.0644091504320775,0.16012569780918373
2025-07-11,0.1543994984447296,0.14791822768245028,0.12650509169777993,0.1163478043286672,0.056252199762974214,0.08860346463113904,0.062265114641231294,0.15899158894841878
2025-07-14,0.15571779475335026,0.14807984180688058,0.12689236209166313,0.11657262614515251,0.05635145330783713,0.08812297053700227,0.06158006647808826,0.15774084949840822
2025-07-15,0.15589672231415933,0.1479045664770581,0.12691744672950606,0.11669100779421257,0.056443446123752516,0.08776033453714843,0.06181909573086858,0.15807061789173893
2025-07-16,0.15650083536468198,0.14706025474377832,0.12626958978624894,0.11650015888347061,0.056398442224833874,0.0875934797135249,0.06153717994224215,0.15980136738786285
2025-07-17,0.15700101207080192,0.14729867016362325,0.1261825029579134,0.11650052133014475,0.05646939860275007,0.08746315053969501,0.061371452931622834,0.15893421016125137
2025-07-18,0.1571501577574442,0.14666709487486887,0.12729477508614068,0.11520592983877277,0.05630142821341929,0.08777095457338427,0.06123363551666214,0.1592380890540019
2025-07-21,0.156033187902581,0.1450893476118365,0.13075544416924129,0.1176432163447112,0.05649653340131122,0.08488054773032222,0.06057392701535137,0.1594428760130127
2025-07-22,0.1548344362923959,0.14626663647820004,0.1317269352963858,0.11827889434612136,0.05654386395131069,0.08411784783951101,0.06072788707107034,0.15820942267445837
2025-07-23,0.15396012763982797,0.14408585874946708,0.13265121743416383,0.11891904342025786,0.05746059912998964,0.08455487713102851,0.06091138763984305,0.15842011150917562
2025-07-24,0.15320254838296524,0.14437934899459576,0.13314170660969396,0.11917954059159595,0.0576459700793946,0.08386776374813246,0.06075074564600352,0.15813069657789655
2025-07-25,0.15390016308701493,0.1438971515189267,0.13335886458754637,0.11960860710251983,0.05804017529795773,0.08368933126994578,0.06087254051408419,0.15637941340116074
2025-07-28,0.15416479679162753,0.14553039832810458,0.13444594852217284,0.11990093422167583,0.0566427240410705,0.08348429242648153,0.05980550034676521,0.15570417911525164
2025-07-29,0.15305583856996494,0.1457091036065904,0.13375468305301205,0.12024019138901422,0.057270849176287254,0.0849463428414256,0.059135209287236326,0.15587544080208815
2025-07-30,0.15262970258103528,0.14464504850903168,0.13331869447668498,0.12040510618656905,0.05765712077812371,0.08446718071118577,0.05904713326807335,0.15785861193895728
2025-07-31,0.1774880681656442,0.14919556944137125,0.13285253078594184,0.11961464487416783,0.09491646837828677,0.0830399743610716,0.0585564493964836,0.14173470715790712
2025-08-01,0.1796879310572496,0.15133867454401986,0.13216566389625456,0.11943255328160024,0.09356987808945955,0.08337016337689021,0.057988949089238545,0.13977195368925285
2025-08-04,0.17940483641233188,0.15036411348621556,0.1310783117877413,0.1179340449670654,0.09482859055664639,0.08422102427438524,0.05921729658905848,0.1403750285514482
2025-08-05,0.17914388004547152,0.15058956394162326,0.13004828650989395,0.11767339800648101,0.09616419972365081,0.08345939881070254,0.0593133944815548,0.14080518813564524
2025-08-06,0.17857437046785452,0.15094775718994574,0.13023917795446024,0.1183705352106701,0.09625396812822865,0.0836943197691136,0.05882040133019628,0.14019947902670898
2025-08-07,0.1793041351093701,0.14990055428612986,0.12996775230696145,0.11899680158485944,0.09591922126148476,0.08350691184547501,0.05911751217932408,0.1403677172990398
2025-08-08,0.18114875767788394,0.14997939148312844,0.13061945795642926,0.11866742492706643,0.09347676458823828,0.08287408335140861,0.05938867673004187,0.14056784472388728
2025-08-11,0.18096363519581077,0.15016203670661113,0.12981360155887903,0.11917372406992056,0.092794847129604,0.08343008730418629,0.05907901289249465,0.14158266875660558
2025-08-12,0.18167185242833728,0.1488571568278989,0.1301486646584214,0.11824119804024712,0.09291336247076289,0.08350632758761938,0.05927600097994631,0.14215411778361486
2025-08-13,0.18042349480066594,0.14931376705942476,0.12984698085811835,0.11869006954782998,0.09363369275245328,0.08351600604826497,0.05920414922471542,0.14219351468275335
2025-08-14,0.17926546369943436,0.14844320087391494,0.13043852347676735,0.11933509058844792,0.09395279998518391,0.08331428994519433,0.058931976583772874,0.1431303635367209
2025-08-18,0.17617806441382797,0.15294701803853591,0.1304808813238901,0.11951202055536973,0.0944282559581286,0.0833940709777039,0.05843573656514696,0.1416307274025625
2025-08-19,0.1762975851114672,0.1541754725837465,0.1298294142850242,0.11803355734340457,0.0947084990777175,0.08518285737322107,0.058171584158416716,0.14086241827321644
2025-08-20,0.173968613925402,0.1571065052043495,0.12856437732915094,0.11717825210143427,0.0950813763808254,0.08426553308728453,0.059414273780817733,0.14191964659279452
2025-08-21,0.17359019981469542,0.15567640573504665,0.12982553964653973,0.11724416337282786,0.09506541960214338,0.08488894455189178,0.05943475923416069,0.14180269707181756
2025-08-22,0.17209460749014632,0.15607028519800886,0.13017975039808158,0.1167687601818662,0.09613093890688343,0.08475123065582706,0.059055445082224704,0.1420658882589109
2025-08-25,0.17189305925566653,0.15557812535688845,0.12939647785276248,0.11629573141909208,0.09563709037791622,0.08463309730844913,0.06049941879361885,0.14333607600917228
2025-08-26,0.17379401881887774,0.1593487270457202,0.12802978053221364,0.11539038903829729,0.09444657944793997,0.08305916309565978,0.06088197302484545,0.1422636424637078
2025-08-28,0.17454947015474698,0.15873505666233914,0.12777393257618974,0.11473154398164494,0.09425432461403835,0.08399062225839118,0.06028296432808204,0.14243695784319083
2025-08-29,0.15843659644141847,0.13242829958149704,0.12753962755068665,0.12337612528201969,0.09455445022646906,0.08217681605672601,0.09007974827771303,0.14955087758331556
2025-09-01,0.15666908874405075,0.13169733049428062,0.1285311294242856,0.12304265792863166,0.09498782360004313,0.0818414418289872,0.09074417230664511,0.15068767176196105
2025-09-02,0.15716546495315967,0.13319048467153827,0.1271212508429522,0.12236907515739526,0.09440758946697661,0.08268145260892035,0.09079816178901823,0.15041772890076793
2025-09-03,0.15866281867954304,0.13221634750311115,0.12702860410995376,0.1233203963010302,0.09398507006124272,0.0828236705285521,0.09014270142941859,0.150075486332587
2025-09-04,0.16003384244540314,0.1321222968956944,0.12761958668489345,0.12402220040041789,0.09367692975739647,0.08190438735721174,0.08996207154001253,0.1489627830429352
2025-09-05,0.1576711969624403,0.131249210420186,0.12812797653823815,0.12503495665182607,0.09497778982726567,0.08334053406734312,0.08910868411191394,0.14853659427351906
2025-09-08,0.1580058578688443,0.13098899776408748,0.12832776136361326,0.125576844164819,0.09475119502819343,0.08368892529793051,0.08839608952133873,0.14823235517551628
2025-09-09,0.15807847931781716,0.1311487099345731,0.12769496621224555,0.12475872634206471,0.09451626540197924,0.08307806777601118,0.08878262489331137,0.1501367997524967
2025-09-10,0.15843370337324988,0.13056283374138536,0.1270704901050793,0.12422737607122919,0.09392643299370566,0.08270805851509899,0.09009134547900352,0.15137437595011943
2025-09-11,0.15904174515764494,0.12937152497878926,0.12673551937254263,0.12434733364137124,0.09490413435675331,0.08300343067719212,0.09041223148373057,0.15060988934549746
2025-09-12,0.1584934203401231,0.1272835752599181,0.1281507429675304,0.1242437649673128,0.09435831745327801,0.08367898404630011,0.09064977450825815,0.15156999912813723
2025-09-15,0.15823887295000041,0.12744259503443073,0.12843982155418898,0.12434273281641027,0.09455222918168245,0.08402549663774335,0.09012279153874868,0.15120976654023768
2025-09-16,0.1576510476541618,0.12682594957701987,0.12802141493063596,0.1237202885622733,0.09582766327337568,0.0839807286856261,0.09066436269887551,0.15187230410812075
2025-09-17,0.15596815988717141,0.12608746346182964,0.12761489885813052,0.12349127125537189,0.09577372186105641,0.08436283482886123,0.0913092153267506,0.15400757808679205
2025-09-18,0.15620881432009368,0.1264273572329753,0.12733695084118404,0.12432922837355026,0.09538724332110385,0.08410238046913342,0.09106192614247142,0.1539136923288063
2025-09-19,0.15647311682166032,0.12558428598150803,0.12607861527815398,0.12353489592543455,0.09680882270484782,0.0839758493779498,0.09120008561013898,0.15494129089775205
2025-09-22,0.15625146666727935,0.12716952581292965,0.12698127412825425,0.12413387645944528,0.09724241369101652,0.08360921557762968,0.08913254713996689,0.15374896523586665
2025-09-23,0.15568157437263602,0.1253982498684972,0.12703882719193663,0.12392517333652507,0.09691405073463318,0.08403069220971894,0.08930099359833847,0.15573473225935597
2025-09-24,0.15532453568490373,0.12715868307109535,0.12638257791759994,0.12352055348394807,0.09684114416616554,0.08388548372978298,0.08879516072425457,0.15597213175556868
2025-09-25,0.15581960261840969,0.1272892658346692,0.12643648289527262,0.12403627038379296,0.09759522961426496,0.08369570807759744,0.0869843758603626,0.15578345724810327
2025-09-26,0.1585103032791949,0.126553915002615,0.1255364880509261,0.12399101569352489,0.09709261869468112,0.08440872491787618,0.08567146380908819,0.15566561289870873
2025-09-29,0.15952045494828765,0.12598695716128877,0.12460657492283785,0.12481195264195802,0.09646525774285823,0.08420376160160611,0.08567350734388197,0.15610590870217064
2025-09-30,0.17362146045824312,0.12726258321252806,0.12503297439743258,0.12534060904973998,0.09559136298446701,0.08395651414050044,0.08574446753412893,0.15647212172309838
2025-10-01,0.17412696183023307,0.12745420212280337,0.12635517801216534,0.12631512226738184,0.09436668546043506,0.08364741989986087,0.08589589286637099,0.1550455564603424
2025-10-03,0.1734087084878055,0.12777340791748787,0.12561291758387794,0.12618550746248247,0.09574863186541227,0.08324663909581137,0.08545443014524033,0.15579480710485333
2025-10-06,0.17111611743020966,0.12704611639277935,0.12488537099531428,0.12670055786881504,0.095641365787629,0.08357884300008742,0.08760746166666489,0.15676249149238214
2025-10-07,0.17058323929519267,0.12572274291316834,0.12593640649269497,0.12778315071590618,0.09687072334478375,0.0841117859398779,0.08711153782969243,0.15523195362384118
2025-10-08,0.17050317084659433,0.12482569001456852,0.1253806564620657,0.12724510232042663,0.09756528493885379,0.08302632487424556,0.08864823717383342,0.15615959053835388
2025-10-09,0.16987590055236088,0.12519002787626082,0.12541018437084592,0.12652223979071092,0.0970948974766948,0.08331876674416054,0.08929517756348147,0.15674821548604695
2025-10-10,0.17051419041131402,0.12531565018759147,0.12534743084315184,0.12657364288689363,0.09665340832880819,0.08326472388253488,0.08801463982200428,0.1578572043816481
2025-10-13,0.16985546637896326,0.1241436865725059,0.12589129715345454,0.12670001120831512,0.0978872052790332,0.083274793229707,0.08783788523339654,0.15781175822703508
2025-10-14,0.16926094262484576,0.12494736604783879,0.12665532583016487,0.1270556121680436,0.09773015892588338,0.08355034682405126,0.08669734935200872,0.15742778067896873
2025-10-15,0.16954883520010816,0.12501847464840968,0.1271878803282386,0.12642727570557166,0.09823033296217253,0.08294710620475777,0.08677056487146587,0.157349550625767
2025-10-16,0.1701011434927929,0.12588915820700428,0.12765095042153402,0.12725595940646,0.09721892475367981,0.08357338413114393,0.08595119856120147,0.15609112075871898
2025-10-17,0.17139007350391852,0.12674298077898571,0.12815546033875685,0.12708196024072702,0.09847480469236732,0.08387165383853537,0.08488804411466343,0.15337083392049872
2025-10-20,0.17097872598113303,0.1257126419105764,0.12345789818102691,0.12655118848644836,0.09994884368303172,0.08643439713899467,0.08601166024080717,0.15499300993285176
2025-10-21,0.17097435288044727,0.1256394447633923,0.1227771606204222,0.12720887488668092,0.09960475746696971,0.08637972417820852,0.08580853835447265,0.1556771454729135
2025-10-23,0.17189027027044668,0.12585001936795223,0.12089263689440333,0.12707575683672076,0.09766051649203873,0.0852069283388773,0.0875190837199736,0.15802369867408153
2025-10-24,0.17294680719512898,0.12222697891652866,0.12263384898445398,0.1258190105971767,0.09910552926967525,0.08574485152753475,0.08759149703692153,0.15793791583348368
2025-10-27,0.17299813731588376,0.12092279320298886,0.1215386865793007,0.12573242721018515,0.10068656664865198,0.08688802582749913,0.08743057910433229,0.1580330462805281
2025-10-28,0.17226897788505413,0.1204961720337544,0.1205405807463915,0.12610176838527323,0.10141198805732808,0.08725548119371758,0.0868679829414106,0.15922060783490166
2025-10-29,0.1729836599720129,0.11950191514828785,0.12062093238864716,0.12605144181710165,0.10144125698552997,0.08785899814242047,0.08645436517996959,0.15936506091171643
2025-10-30,0.1731801196573727,0.11955628746562198,0.12087006054428198,0.12583067604352116,0.10057809181809567,0.08763312349477073,0.08650607100258738,0.15991224063539455
2025-10-31,0.16236641558129822,0.11963589845583024,0.11963106430642902,0.12475286911646778,0.10023672105010584,0.08771339025581525,0.08735608293165933,0.16044465997401447
2025-11-03,0.16018073507684868,0.11958284475844143,0.11994335006752677,0.1256535690057485,0.10136936465146765,0.0877700083810386,0.08633352109288621,0.16122640479429634
2025-11-04,0.15896471025496375,0.11944231076092733,0.11965262885494862,0.12529864482558728,0.1037720437618727,0.08749050137384344,0.08597148408377,0.16128095821606256
2025-11-06,0.1586992295239933,0.11917795043771989,0.11838384357945264,0.12544270977160238,0.10304954927026211,0.08901289028854452,0.08671896865258819,0.1613114994603847
2025-11-07,0.15829338806028917,0.11973937467316464,0.12112767220594303,0.12588909257361108,0.09902702762465013,0.08846004432130845,0.08668237356164037,0.16234039438372397
2025-11-10,0.15807327361136994,0.11887398921942655,0.12096051776305508,0.12552958240476988,0.09943929109175922,0.08868319071125955,0.0872044603460491,0.1629809382917839
2025-11-11,0.15756756809468478,0.11903201499056508,0.1211066277584881,0.12564034317290984,0.09990509471043384,0.08835959795338458,0.08727212068311599,0.1630966054703485
2025-11-12,0.1567129079122526,0.1181965000907887,0.12045853332838147,0.12463570599742106,0.10085857880675124,0.088912654652601,0.08918153756974029,0.16323426547451728
2025-11-13,0.1561048950421338,0.1172918634091368,0.1227674039965977,0.12419122859296401,0.10166401477502836,0.0888162173279593,0.08837746828002283,0.16299416173607706
2025-11-14,0.15680857764768472,0.11809107722943948,0.12143957792564784,0.1243729665495981,0.10194118054024988,0.08915059825960872,0.08825148858410957,0.16219987216107748
2025-11-17,0.15608102037613908,0.11771526044395722,0.12171747765922529,0.1249868615496519,0.102286801681732,0.08893068919350611,0.08796083694115991,0.16264520499734497
2025-11-18,0.15594755688538456,0.11695519253307253,0.12149257961398822,0.12474924978375064,0.10430988068715032,0.0891928800133852,0.0877272090807798,0.161856443126225
2025-11-19,0.153942114249249,0.11792522032300323,0.12146561712201319,0.12411516056175931,0.1040660905472651,0.08851855940368876,0.0888022490265965,0.16365981375550637
2025-11-20,0.15414470405253716,0.1168916680925338,0.12104676090579876,0.12546835387898495,0.10364269581836116,0.08997374993911898,0.08842089749876045,0.16302328192672733
2025-11-21,0.15529223925921037,0.11732441322277931,0.12004691697329208,0.1243133838938508,0.10401144554631815,0.08996474358923048,0.08871828534564652,0.16287463791098214
2025-11-24,0.154206050378963,0.117285558371629,0.12038068980964577,0.12489672696706089,0.10387286912398358,0.08966275117994657,0.08877081908004765,0.1633268804786206
2025-11-25,0.15369707598320348,0.117210156145143,0.11987080549177773,0.12416570591028966,0.10470052098548949,0.09020260247206992,0.08846097249852063,0.16395205296309984
2025-11-26,0.1531334616843914,0.11687985428419488,0.1204931757204032,0.12500483846396412,0.10225447448443187,0.09129292113214918,0.08903814551383438,0.1644322556171836
2025-11-27,0.15353151729168635,0.1178781118801647,0.12171247983683034,0.12540545283082327,0.10147591439167583,0.09070035017186838,0.08808937360302814,0.1638150245394147
2025-11-28,0.17602005975955798,0.11862301180232548,0.12144441481597919,0.12519949750194337,0.08066289464250564,0.09096006145990401,0.08813581428281282,0.16391301612132475
2025-12-01,0.1762891314029266,0.11870318494208976,0.12174390644439113,0.12470643346487618,0.08032875551876488,0.0910177425118776,0.08815519550048109,0.16395208382307286
2025-12-02,0.1757760659597198,0.11997584493193081,0.1208831370945333,0.12382810964781264,0.0813067924915061,0.09034296024311501,0.08868712284913921,0.16390166928100292
2025-12-03,0.17546853608312438,0.1184584882032683,0.12243500681787824,0.1250881265921031,0.08056058173638812,0.08984832000251272,0.08988358529021197,0.16297240550161485
2025-12-04,0.17599579369522686,0.11874757834107194,0.12160504299389155,0.12425903172410122,0.08097658276946271,0.08936193507425667,0.09096930577503068,0.16290886995854598
2025-12-05,0.1768807622421776,0.11282185085856589,0.12215186064673897,0.1250582355149204,0.08119441586285114,0.08968093657925674,0.09125137422466545,0.16576490941867478
2025-12-08,0.17660838447769245,0.11219736839079562,0.1225114745099692,0.1256631052889089,0.08072885628354662,0.09027308361716072,0.09166286534502277,0.16497308319538112
2025-12-09,0.1768785416516936,0.11235389740245605,0.12180585180546438,0.12549245751286625,0.08124041746339648,0.08989359610388255,0.09128684350449588,0.16549316145860477
2025-12-10,0.1783058603059138,0.11243609237785485,0.1211188225657687,0.12492481464128562,0.08058440600864342,0.09058903975277677,0.0909991442312915,0.16537746209271414
2025-12-11,0.17784289314280022,0.11240388015191755,0.12056017142952846,0.12600037178175705,0.07988810043496285,0.09088637755965032,0.09089607334549599,0.16591940761721635
2025-12-12,0.17649862189989007,0.11014240710750126,0.12101776975466617,0.12607413901421588,0.08101341819208277,0.09150671235743764,0.09165425167493647,0.16650290343392699
2025-12-15,0.1770541438308257,0.111484082006985,0.12066408137454465,0.12510114204818454,0.08029251039110337,0.09127514155680153,0.09171535070395656,0.16689811680998606
2025-12-16,0.17723523984750605,0.11116053835378999,0.1210388102481211,0.12518952268425068,0.08175089673754249,0.09068765836346687,0.09123184024180934,0.16609173390904952
2025-12-17,0.1766705606964065,0.11106452666734294,0.1200196171650993,0.12408485469073698,0.08211142014661066,0.090951997606339,0.09173540472931249,0.1676837027159006
2025-12-18,0.1766584731884973,0.11039833848042346,0.12022144434730836,0.12334904966914939,0.08136051417690375,0.09080949606141153,0.09338491391698221,0.16818685087891452
2025-12-19,0.17623599724471659,0.11065957666757971,0.11950126612550045,0.1235819410008603,0.0812551723578877,0.09165775520988424,0.09304461272332361,0.16856671196682824
2025-12-22,0.17555087100548983,0.1102351382762652,0.11980965925622505,0.12287080682939902,0.08252515239872812,0.09152573941633402,0.09350966568623217,0.16875007374693227
2025-12-23,0.17748066014369857,0.1108051273464712,0.1192627599142831,0.12391003439571553,0.08153130290156656,0.0912026778063778,0.09303960502744298,0.16755544057285304
2025-12-24,0.177576688854787,0.11008555092926034,0.11926673007864268,0.12428054232395888,0.08175669369434391,0.09069280436205478,0.09351523895049477,0.16752049867781343
2025-12-26,0.17732753621359024,0.11075257754536777,0.11899308048079824,0.12421994330543445,0.08142911973090335,0.09117304457705303,0.09284616875136464,0.16778022479754168
2025-12-29,0.17737309287272723,0.11159195865853043,0.11885369594509328,0.12467993862176015,0.08083935715310026,0.09074906232785694,0.09241751726347662,0.167862427151445
2025-12-30,0.17669579611397498,0.11156981686137482,0.11892009503310698,0.12472324826146937,0.08164033189466395,0.09051293391833433,0.0923905096011481,0.1678642485020649
2025-12-31,0.13940144398791166,0.11239220428576926,0.11850255735061815,0.12428592804749772,0.08155410272989119,0.09196015994849178,0.09088778417236508,0.19626227862190407
2026-01-01,0.1272824955904022,0.11401176848790255,0.11940547216905675,0.12568519515612372,0.08266444868086932,0.09330811880957045,0.09252344060804958,0.19984806882101697
2026-01-02,0.12211235065306172,0.11491635354201905,0.1206198749928898,0.1266549863525496,0.08227303829194069,0.09403329750217916,0.09293068787911575,0.20130379114302566
2026-01-05,0.12231314912589678,0.11699200196025736,0.12237568761221185,0.12393464227918843,0.08243987735919332,0.09344137193995956,0.09218489478257014,0.2010319242226462
2026-01-06,0.11984031843577894,0.11904685639425859,0.125984206805626,0.12205891748827241,0.08249496080975022,0.08931389605997476,0.0933718911466047,0.2025673735789094
2026-01-07,0.11962080952943432,0.11800241043461236,0.12767116811563298,0.12059285957097313,0.08180525029955721,0.08926204050228244,0.09467193832305228,0.20296452728192182
2026-01-08,0.12056763624816896,0.11842837386027293,0.12947248353433494,0.12137089826420412,0.08182855075677581,0.08804921577400913,0.09286142884248257,0.20159455074235594
2026-01-09,0.12004369163279748,0.1185208807792024,0.12755512029169938,0.12119374192035207,0.08081631504143588,0.08892496644759983,0.093600069841254,0.2031984706561893
2026-01-12,0.11983936712594241,0.11955150745935784,0.12766265051885067,0.1202773891918882,0.08105088137869275,0.08891929944938728,0.09401848354140259,0.20277092052943385
2026-01-13,0.1187034911811813,0.11889646826132057,0.13001287040216486,0.12050580604299094,0.08049108599789753,0.0872249603826734,0.09498225944723694,0.2031945088667746
2026-01-14,0.11957944739924262,0.11795173089137534,0.1292577208480792,0.11983601105001487,0.08089695497385527,0.08821834324271711,0.09345865295144534,0.2044685647920183
2026-01-15,0.1195780626904297,0.11795036503123117,0.12925622406657464,0.11983462337024034,0.08089601820145058,0.08821732168993354,0.09345757071680386,0.20446619708226726
2026-01-16,0.11699895891234365,0.11769606399651147,0.1279114551078751,0.11995460014628889,0.0802428870795136,0.08771564949497841,0.09509490778288797,0.20826543521410257
2026-01-19,0.11887695872819262,0.12082759639665112,0.12565575519517017,0.12000306196884551,0.0802964729090897,0.0853780853396131,0.09417835176147993,0.20847435795709643
2026-01-20,0.11752531627410445,0.12022125460889552,0.12641293575811174,0.12157821949078286,0.08049754031362186,0.08499714355003372,0.09323414353588132,0.20877081089019411
2026-01-21,0.11756995564828841,0.12027713327995031,0.12458936345662766,0.12078100024057603,0.08091651837811144,0.08608491570864234,0.09432794315645888,0.20843774894710687
2026-01-22,0.1171092357423272,0.1209119885985738,0.12374104389664994,0.12005504081991984,0.08082084808193653,0.08559301438114866,0.09476560378161888,0.21017476022258183
2026-01-23,0.11700036391961496,0.12230053199573865,0.12398649638431376,0.12014024377908185,0.0803988402314295,0.08489242859437104,0.09546727675082103,0.20880737307299346
2026-01-27,0.11490968034599487,0.12147053528381627,0.12524208724516592,0.12109876742904103,0.0796829811760293,0.08427646579375908,0.09502363533992854,0.2114294633328015
2026-01-28,0.1154356599833326,0.11994195276672773,0.12541362428969463,0.12152691536405859,0.07879268581918834,0.08498892922653523,0.09597816541534172,0.211195989989251
2026-01-29,0.11458755827988694,0.11871181566951644,0.12694746584070646,0.12196462886416433,0.07925057527438903,0.08469269960370324,0.09436397781237753,0.21271557698920096
2026-01-30,0.10659563461333517,0.11988256380177563,0.13830016774270606,0.1399532576559124,0.07937638911734846,0.08506090507316409,0.09385945734603057,0.19172032940789224
2026-02-02,0.10488255447631731,0.11994947591770545,0.1390728167926993,0.14078954844074673,0.0798156389490984,0.08536823209954568,0.09592031655705513,0.18861192256261294
2026-02-03,0.1035506992071376,0.11826119685186011,0.14018344162773938,0.14121200134952636,0.07958796206820107,0.08657859353258887,0.09577304767284547,0.19010848764808685
2026-02-04,0.10525277189949565,0.11890830899918604,0.14270257921371443,0.14249882418966206,0.08108317871550841,0.08815635835674836,0.08945286553570007,0.18699001058105122
2026-02-05,0.10471664601953368,0.11885662861857658,0.14243255002634775,0.14292946474064566,0.08027369359508027,0.0879230825709718,0.08981622902640013,0.18778800730489684
2026-02-06,0.10908310545535031,0.12137915939973057,0.14223845663780169,0.14047648116142814,0.08145516612247018,0.0876508798588023,0.08759552689573664,0.18521659836666915
2026-02-09,0.10751806219223665,0.12128753376029733,0.14051447895475858,0.13917614140483328,0.08102471549779261,0.08784534352934886,0.08733669750040617,0.1906141522224566
2026-02-10,0.10694206197250702,0.12208877631707628,0.14139589980598732,0.13831407537137705,0.07987343301886843,0.08756919862248269,0.0883244056788359,0.19084390409052798
2026-02-11,0.10599042254304823,0.1226631868215367,0.14148448590666754,0.13765316978181907,0.07997800540011124,0.0882619632954779,0.08618928184530181,0.19307938747059578
2026-02-12,0.10676693728626363,0.12119750500661453,0.14530879207600875,0.1380364712873918,0.08086331275228686,0.08793102574329019,0.08226248989260614,0.19248112933598926
2026-02-13,0.10710331456418619,0.11767847495844433,0.14589728734478202,0.13756279176486993,0.08167541657292171,0.08744347951833444,0.08173694360501181,0.19506209462196877
2026-02-16,0.1076110387555293,0.11737294156500216,0.1443457548982386,0.13969361472258798,0.08197632397281103,0.0877661857247238,0.08147304605682006,0.19430063606817732
2026-02-17,0.10980722250586601,0.11667023181478023,0.14347935802481274,0.13924458385643662,0.0813551941584661,0.08663508481064805,0.08154400806789501,0.1959337669525404
2026-02-18,0.11177045009795882,0.11681876602871051,0.1430406150471348,0.13859990753253226,0.08112629756210499,0.08743741846781981,0.08058146732853086,0.19544431717138025
2026-02-19,0.11105918197832593,0.11612016076470623,0.14294566916342966,0.13906059709298682,0.08085504245840885,0.08664514712268134,0.08113777636606073,0.1963835085045445
2026-02-20,0.11098570354715562,0.11747508400004834,0.142998740613885,0.13797617595060574,0.08010075705251668,0.08692934277585569,0.08108668436384503,0.19681343689718678
2026-02-23,0.10993225185100268,0.11849328210445513,0.14283802792106262,0.13910825647617325,0.08053296275868548,0.08705185721218921,0.08041447976839843,0.1961943503821723
2026-02-24,0.11070475958850699,0.12070231188859987,0.14317706961496823,0.13890995566552036,0.0792757432204869,0.08822785627885406,0.07833246655790944,0.1946358051520931
2026-02-25,0.10958085266390315,0.12171348736213751,0.14501122495551944,0.13866919829733468,0.07826231579485342,0.08648262707117382,0.08014125513708424,0.1940264340034561
2026-02-26,0.10893537737107362,0.12197765955538085,0.1452687269475988,0.1371071582103371,0.07881745200368769,0.0868774324576722,0.08059219584773303,0.1943626767977167
2026-02-27,0.10221571885301513,0.12108850788544419,0.14427721552627065,0.1462013606431757,0.0970955941882345,0.0871052791854714,0.08123411516480784,0.18404919130357392
2026-03-02,0.10358792443230846,0.12129279694723122,0.14509303704821394,0.1461645472953322,0.09767477056428588,0.08564607547158219,0.08124185434325085,0.18221726292596824
2026-03-04,0.10354400812298835,0.11926043252240263,0.14548667390453246,0.14568132717037377,0.10027711515456764,0.085592061449707,0.08116924904013113,0.1815632544862688
2026-03-05,0.10297881323229237,0.11844987633969846,0.1440737963541688,0.14661545585067337,0.09993147052928905,0.08806196506299344,0.08056164587650443,0.18204229855794374
2026-03-06,0.10390242492379904,0.1186449620641322,0.1414506146504658,0.145281296851579,0.09948866535045697,0.09035874897272547,0.08108451958139369,0.18194158377320296
2026-03-09,0.10406988907541039,0.11859251401147845,0.13957054309173855,0.14446538677984677,0.10063288289132766,0.09285063106526316,0.08122663838690325,0.18021537564729573
2026-03-10,0.1046669068387461,0.11785896892695856,0.14262798692521406,0.14535754410337579,0.09933631591122029,0.09147475185130484,0.08042874423082258,0.18002384023382145
2026-03-11,0.10613264767732018,0.11795703431783383,0.14274123250393403,0.14472701609275515,0.09838081502099191,0.09154591634927214,0.08000380715393525,0.17973533602244524
2026-03-12,0.10544387777624088,0.11773004391420028,0.1409721990060031,0.14589441466240818,0.0990040010613821,0.09255028687541271,0.08002810652575724,0.17922198693099473
2026-03-13,0.1058128316834425,0.12046891579395408,0.1413907163724523,0.14489859832919227,0.1003406335455098,0.09291665541300272,0.07995598806885361,0.17456825556734323
2026-03-16,0.10696503743702375,0.11995985762034278,0.14179351732197426,0.14738294062380505,0.09839256736229647,0.09281438681180347,0.07900096977424406,0.17448594380207938
2026-03-17,0.10556657534687724,0.11874904457636389,0.14325684655791662,0.14790942815804636,0.1002860550559023,0.09278853518049579,0.07826503532418062,0.17404494869584944
2026-03-18,0.10480796459122162,0.11695166658450215,0.1426680274400749,0.14683233961454753,0.10137914619417471,0.0930580699707106,0.07950644806372333,0.17583205806031457
2026-03-19,0.10576338605454479,0.11714305654824,0.14242531019336707,0.14313633672197146,0.10278255284173382,0.09422743575445489,0.07901602695666961,0.17537813193668766
2026-03-20,0.10605043694234234,0.11700071748987706,0.14134999909520748,0.13942086847281882,0.10346192947820892,0.09587537373410161,0.07987141276083956,0.1769841798624665
2026-03-23,0.10485656267384859,0.11771779732255691,0.14169922229154397,0.13573874776702377,0.10277042177153656,0.09743981003284884,0.08132327660164487,0.17761590860783316
2026-03-24,0.10376517406888112,0.11802933464169767,0.14309871948256908,0.1376922345443308,0.10177153571463574,0.096433980827696,0.08076079244629471,0.1781359687072891
2026-03-25,0.10393504273888873,0.11922465137607388,0.14213502270234352,0.1389322506736261,0.1022315166432105,0.09522582712502414,0.07896483197717584,0.17957032045228777
2026-03-27,0.10562155035132446,0.11813077810388714,0.14195166891684105,0.13693931068408016,0.10475421500711952,0.09263299560816424,0.08093842655506726,0.17845770236424996
2026-03-30,0.13166774575128296,0.14347064434183832,0.08503846411515037,0.08458096076675486,0.12413027109326812,0.09433387827691936,0.08161309209995649,0.18879163767676016
2026-04-01,0.13170989017337725,0.142202856267769,0.08437229803134827,0.08466837789555084,0.12243293058683535,0.09482219657392509,0.08220254610814408,0.19208843778750384
2026-04-02,0.13173783093576663,0.14171566315472486,0.08427368555988994,0.08533682089887831,0.1225119508238437,0.09317964186073134,0.0833424373524363,0.19262856916317103
2026-04-06,0.13180466361222123,0.14215543062762687,0.08481903961389167,0.08707091042300848,0.12195355528064064,0.08945435031132762,0.08360313481609179,0.19425917112450342
2026-04-07,0.13203154919890026,0.1424234523029975,0.08490131733559458,0.0862804689696782,0.12321438380298717,0.08852067141355723,0.08494082591949559,0.19346380244966874
2026-04-08,0.1304918854666648,0.14120436967851896,0.08703630655510507,0.08895336201250185,0.12222196290318053,0.08919008258113677,0.08347278946724494,0.19477846324294523
2026-04-09,0.13183606032502201,0.14157696244213286,0.08590273779763795,0.08768398785186182,0.12311115683176406,0.08875737003477836,0.08515976870196781,0.19277492302318705
2026-04-10,0.13141920660684958,0.1420055900721432,0.08798151304379803,0.08842257816375736,0.12291441489388459,0.08945148366362767,0.08242899573838729,0.19262215147122988
2026-04-13,0.13017000375974005,0.1414250039657869,0.09074035660580754,0.08750658241368466,0.12408863016059242,0.08791609635195431,0.08147289141088543,0.19334152574373575
2026-04-15,0.13009931414494844,0.14175440823916977,0.08947111337808802,0.08812855673315637,0.12162893200760379,0.0887950915688189,0.08319187107453058,0.1943231413721829
2026-04-16,0.13094123186666154,0.14081905775428602,0.08947653324644518,0.08672870164690345,0.12087967160294939,0.08891911192410175,0.08407545532763956,0.19541220680664428
2026-04-17,0.13088910517911584,0.14582120351968791,0.08853517395118894,0.08621303721903661,0.11990146930320976,0.0893186225631992,0.08325897483214696,0.19401896919219652
2026-04-20,0.1300975620141648,0.14518964862618347,0.08913691823118282,0.08571785376893004,0.11982778167021282,0.08919119472034563,0.0831826068495484,0.1956087468838234
2026-04-21,0.13044014499742068,0.14847494439256476,0.09011962619876042,0.08638763334137174,0.11890964986345298,0.08743705193202601,0.08313324283356245,0.19380553510687135
2026-04-22,0.1296251876426761,0.15331196083591758,0.08941324594040576,0.08574385408149864,0.11809320049349908,0.0886438056634041,0.0814265819636285,0.1919900898669343
2026-04-23,0.13028967544970393,0.15404258494539916,0.08864162167095284,0.08456335281708258,0.11956860719537664,0.08793257320673514,0.08135883215560122,0.19147793894145468
2026-04-24,0.1307776432852879,0.153930249978492,0.08860856981893929,0.08597612834119898,0.1197269976824114,0.08830718145726808,0.07857110500494041,0.19096387335913878
2026-04-27,0.13078432455763792,0.15286387640825064,0.08715442471158062,0.08588210015053947,0.11921329243837442,0.09016640797275244,0.07964301856786259,0.19160297061055392
2026-04-28,0.13160736827685898,0.15096431608345548,0.0860580086545937,0.08546049019967857,0.12128609355893964,0.09208658614022323,0.07989149851296205,0.1896701322883418
2026-04-29,0.13496982151239392,0.15066556505007694,0.08424029079161574,0.0839909871440602,0.12262079718524917,0.09330482515552743,0.07984348781867368,0.18817399768633652
2026-04-30,0.14229220256140382,0.1477558918710875,0.08377696604909891,0.07550909495630034,0.12356003917385446,0.09444072879463784,0.08048447526003821,0.18786383248379807
2026-05-01,0.14228991528391588,0.147753516767469,0.08377561937538804,0.07550788118456922,0.12355805300672144,0.09443921070616196,0.08048318151150471,0.1878608126646716
2026-05-04,0.14049152331328021,0.15149928877366725,0.08421754801031932,0.07621716959183542,0.1195793198408763,0.0965152635017617,0.07905151068417106,0.18811772600809262
2026-05-05,0.14106166243306265,0.1531340611576394,0.08316821257879224,0.07574412315726067,0.11855124390875574,0.09683111265034229,0.0791526839922225,0.18784171206280215
2026-05-06,0.1399115908581115,0.15157841451116202,0.08455280299658673,0.07767258814621328,0.11966975155516034,0.09458298902418301,0.07895947433737963,0.18891269064463984
2026-05-07,0.1393380356210053,0.14962098712810598,0.08507690075616658,0.07813551315079463,0.11999218550311225,0.09509389681741216,0.0783703591945421,0.1897733534694544
2026-05-08,0.14038590771130333,0.15174982368576512,0.08475125539011007,0.07720739196501074,0.12139768152777926,0.0957267487711142,0.07871674867650492,0.18497419550234656
2026-05-11,0.10115939092463386,0.10346653061701364,0.12908126240242343,0.10209421979674309,0.13777790249233396,0.09389656210832462,0.07977591535132457,0.183031133421742
