,detector,start,end,regime,days
0,Threshold,2020-04-15,2020-06-17,Crisis,43
1,Threshold,2020-06-17,2020-06-18,Elevated,1
2,Threshold,2020-06-18,2020-06-23,Crisis,3
3,Threshold,2020-06-23,2020-06-24,Elevated,1
4,Threshold,2020-06-24,2020-06-25,Crisis,1
5,Threshold,2020-06-25,2020-07-20,Elevated,17
6,Threshold,2020-07-20,2020-07-21,Normal,1
7,Threshold,2020-07-21,2020-07-22,Elevated,1
8,Threshold,2020-07-22,2020-08-03,Normal,8
9,Threshold,2020-08-03,2020-08-12,Elevated,7
10,Threshold,2020-08-12,2020-08-28,Normal,12
11,Threshold,2020-08-28,2020-08-31,Calm,1
12,Threshold,2020-08-31,2020-09-02,Normal,2
13,Threshold,2020-09-02,2020-09-04,Calm,2
14,Threshold,2020-09-04,2020-09-24,Normal,14
15,Threshold,2020-09-24,2020-10-26,Elevated,21
16,Threshold,2020-10-26,2020-11-09,Normal,10
17,Threshold,2020-11-09,2020-11-13,Elevated,4
18,Threshold,2020-11-13,2020-12-08,Normal,16
19,Threshold,2020-12-08,2020-12-21,Calm,9
20,Threshold,2020-12-21,2021-01-18,Normal,19
21,Threshold,2021-01-18,2021-01-20,Elevated,2
22,Threshold,2021-01-20,2021-01-22,Calm,2
23,Threshold,2021-01-22,2021-02-01,Normal,5
24,Threshold,2021-02-01,2021-03-03,Crisis,22
25,Threshold,2021-03-03,2021-03-04,Elevated,1
26,Threshold,2021-03-04,2021-03-31,Crisis,17
27,Threshold,2021-03-31,2021-04-12,Elevated,7
28,Threshold,2021-04-12,2021-04-29,Crisis,11
29,Threshold,2021-04-29,2021-04-30,Elevated,1
30,Threshold,2021-04-30,2021-05-03,Crisis,1
31,Threshold,2021-05-03,2021-05-14,Elevated,8
32,Threshold,2021-05-14,2021-05-19,Normal,3
33,Threshold,2021-05-19,2021-05-20,Elevated,1
34,Threshold,2021-05-20,2021-06-03,Normal,10
35,Threshold,2021-06-03,2021-10-29,Calm,102
36,Threshold,2021-10-29,2021-11-09,Normal,6
37,Threshold,2021-11-09,2021-11-11,Calm,2
38,Threshold,2021-11-11,2021-11-16,Normal,3
39,Threshold,2021-11-16,2021-11-22,Calm,3
40,Threshold,2021-11-22,2021-11-26,Normal,4
41,Threshold,2021-11-26,2021-11-30,Elevated,2
42,Threshold,2021-11-30,2021-12-01,Normal,1
43,Threshold,2021-12-01,2022-01-05,Elevated,25
44,Threshold,2022-01-05,2022-01-18,Normal,9
45,Threshold,2022-01-18,2022-01-24,Calm,4
46,Threshold,2022-01-24,2022-01-27,Normal,2
47,Threshold,2022-01-27,2022-02-15,Elevated,13
48,Threshold,2022-02-15,2022-02-23,Crisis,6
49,Threshold,2022-02-23,2022-02-24,Elevated,1
50,Threshold,2022-02-24,2022-03-29,Crisis,21
51,Threshold,2022-03-29,2022-04-20,Elevated,14
52,Threshold,2022-04-20,2022-04-21,Normal,1
53,Threshold,2022-04-21,2022-05-19,Elevated,19
54,Threshold,2022-05-19,2022-06-06,Crisis,12
55,Threshold,2022-06-06,2022-06-13,Elevated,5
56,Threshold,2022-06-13,2022-06-15,Crisis,2
57,Threshold,2022-06-15,2022-06-16,Elevated,1
58,Threshold,2022-06-16,2022-06-17,Crisis,1
59,Threshold,2022-06-17,2022-07-12,Elevated,17
60,Threshold,2022-07-12,2022-07-15,Normal,3
61,Threshold,2022-07-15,2022-08-29,Calm,29
62,Threshold,2022-08-29,2022-09-16,Normal,13
63,Threshold,2022-09-16,2022-09-21,Elevated,3
64,Threshold,2022-09-21,2022-09-23,Normal,2
65,Threshold,2022-09-23,2022-09-29,Elevated,4
66,Threshold,2022-09-29,2022-10-04,Normal,3
67,Threshold,2022-10-04,2022-10-27,Elevated,15
68,Threshold,2022-10-27,2022-11-03,Normal,5
69,Threshold,2022-11-03,2023-01-09,Calm,46
70,Threshold,2023-01-09,2023-01-13,Normal,4
71,Threshold,2023-01-13,2023-03-31,Calm,52
72,Threshold,2023-03-31,2023-04-06,Normal,3
73,Threshold,2023-04-06,2024-01-23,Calm,196
74,Threshold,2024-01-23,2024-02-22,Normal,21
75,Threshold,2024-02-22,2024-06-03,Calm,65
76,Threshold,2024-06-03,2024-06-04,Normal,1
77,Threshold,2024-06-04,2024-07-04,Crisis,21
78,Threshold,2024-07-04,2024-07-05,Normal,1
79,Threshold,2024-07-05,2024-08-05,Calm,20
80,Threshold,2024-08-05,2024-08-16,Normal,8
81,Threshold,2024-08-16,2024-08-19,Elevated,1
82,Threshold,2024-08-19,2024-09-04,Normal,12
83,Threshold,2024-09-04,2024-10-03,Calm,20
84,Threshold,2024-10-03,2024-10-14,Normal,7
85,Threshold,2024-10-14,2024-10-17,Calm,3
86,Threshold,2024-10-17,2024-10-22,Normal,3
87,Threshold,2024-10-22,2024-11-22,Calm,21
88,Threshold,2024-11-22,2024-12-03,Normal,7
89,Threshold,2024-12-03,2024-12-05,Elevated,2
90,Threshold,2024-12-05,2024-12-24,Normal,13
91,Threshold,2024-12-24,2025-01-06,Calm,8
92,Threshold,2025-01-06,2025-01-31,Normal,19
93,Threshold,2025-01-31,2025-03-24,Calm,35
94,Threshold,2025-03-24,2025-03-25,Normal,1
95,Threshold,2025-03-25,2025-03-26,Calm,1
96,Threshold,2025-03-26,2025-03-27,Normal,1
97,Threshold,2025-03-27,2025-04-01,Calm,2
98,Threshold,2025-04-01,2025-04-02,Normal,1
99,Threshold,2025-04-02,2025-04-04,Calm,2
100,Threshold,2025-04-04,2025-04-07,Normal,1
101,Threshold,2025-04-07,2025-04-21,Elevated,7
102,Threshold,2025-04-21,2025-04-22,Crisis,1
103,Threshold,2025-04-22,2025-06-10,Elevated,34
104,Threshold,2025-06-10,2026-02-03,Calm,163
105,Threshold,2026-02-03,2026-02-10,Normal,5
106,Threshold,2026-02-10,2026-02-13,Calm,3
107,Threshold,2026-02-13,2026-03-13,Normal,19
108,Threshold,2026-03-13,2026-03-24,Elevated,7
109,Threshold,2026-03-24,2026-04-30,Crisis,23
110,Threshold,2026-04-30,2026-05-08,Elevated,6
111,Threshold,2026-05-08,2026-05-11,Normal,2
112,Quadrant,2020-04-15,2020-04-22,Bear-Volatile,5
113,Quadrant,2020-04-22,2020-05-13,Bull-Volatile,14
114,Quadrant,2020-05-13,2020-06-03,Bear-Volatile,14
115,Quadrant,2020-06-03,2020-07-20,Bull-Volatile,33
116,Quadrant,2020-07-20,2020-07-21,Bull-Quiet,1
117,Quadrant,2020-07-21,2020-07-22,Bull-Volatile,1
118,Quadrant,2020-07-22,2020-08-03,Bull-Quiet,8
119,Quadrant,2020-08-03,2020-08-04,Bear-Volatile,1
120,Quadrant,2020-08-04,2020-08-05,Bull-Volatile,1
121,Quadrant,2020-08-05,2020-08-06,Bear-Volatile,1
122,Quadrant,2020-08-06,2020-08-12,Bull-Volatile,4
123,Quadrant,2020-08-12,2020-08-19,Bull-Quiet,5
124,Quadrant,2020-08-19,2020-08-27,Bear-Quiet,6
125,Quadrant,2020-08-27,2020-08-31,Bull-Quiet,2
126,Quadrant,2020-08-31,2020-09-01,Bear-Quiet,1
127,Quadrant,2020-09-01,2020-09-04,Bull-Quiet,3
128,Quadrant,2020-09-04,2020-09-24,Bear-Quiet,14
129,Quadrant,2020-09-24,2020-10-07,Bear-Volatile,8
130,Quadrant,2020-10-07,2020-10-15,Bull-Volatile,6
131,Quadrant,2020-10-15,2020-10-19,Bear-Volatile,2
132,Quadrant,2020-10-19,2020-10-26,Bull-Volatile,5
133,Quadrant,2020-10-26,2020-11-02,Bull-Quiet,5
134,Quadrant,2020-11-02,2020-11-05,Bear-Quiet,3
135,Quadrant,2020-11-05,2020-11-09,Bull-Quiet,2
136,Quadrant,2020-11-09,2020-11-13,Bull-Volatile,4
137,Quadrant,2020-11-13,2021-01-18,Bull-Quiet,44
138,Quadrant,2021-01-18,2021-01-20,Bull-Volatile,2
139,Quadrant,2021-01-20,2021-01-27,Bull-Quiet,4
140,Quadrant,2021-01-27,2021-02-01,Bear-Quiet,3
141,Quadrant,2021-02-01,2021-02-02,Bear-Volatile,1
142,Quadrant,2021-02-02,2021-02-19,Bull-Volatile,13
143,Quadrant,2021-02-19,2021-02-24,Bear-Volatile,3
144,Quadrant,2021-02-24,2021-03-04,Bull-Volatile,6
145,Quadrant,2021-03-04,2021-04-29,Bear-Volatile,35
146,Quadrant,2021-04-29,2021-04-30,Bull-Volatile,1
147,Quadrant,2021-04-30,2021-05-14,Bear-Volatile,9
148,Quadrant,2021-05-14,2021-05-18,Bear-Quiet,2
149,Quadrant,2021-05-18,2021-05-19,Bull-Quiet,1
150,Quadrant,2021-05-19,2021-05-20,Bear-Volatile,1
151,Quadrant,2021-05-20,2021-06-28,Bull-Quiet,27
152,Quadrant,2021-06-28,2021-08-09,Bear-Quiet,29
153,Quadrant,2021-08-09,2021-09-30,Bull-Quiet,36
154,Quadrant,2021-09-30,2021-10-08,Bear-Quiet,6
155,Quadrant,2021-10-08,2021-10-25,Bull-Quiet,10
156,Quadrant,2021-10-25,2021-11-26,Bear-Quiet,22
157,Quadrant,2021-11-26,2021-11-30,Bear-Volatile,2
158,Quadrant,2021-11-30,2021-12-01,Bear-Quiet,1
159,Quadrant,2021-12-01,2022-01-04,Bear-Volatile,24
160,Quadrant,2022-01-04,2022-01-05,Bull-Volatile,1
161,Quadrant,2022-01-05,2022-01-06,Bull-Quiet,1
162,Quadrant,2022-01-06,2022-01-11,Bear-Quiet,3
163,Quadrant,2022-01-11,2022-01-24,Bull-Quiet,9
164,Quadrant,2022-01-24,2022-01-27,Bear-Quiet,2
165,Quadrant,2022-01-27,2022-03-29,Bear-Volatile,41
166,Quadrant,2022-03-29,2022-04-18,Bull-Volatile,12
167,Quadrant,2022-04-18,2022-04-20,Bear-Volatile,2
168,Quadrant,2022-04-20,2022-04-21,Bear-Quiet,1
169,Quadrant,2022-04-21,2022-07-12,Bear-Volatile,57
170,Quadrant,2022-07-12,2022-07-15,Bear-Quiet,3
171,Quadrant,2022-07-15,2022-09-01,Bull-Quiet,31
172,Quadrant,2022-09-01,2022-09-16,Bear-Quiet,11
173,Quadrant,2022-09-16,2022-09-21,Bear-Volatile,3
174,Quadrant,2022-09-21,2022-09-23,Bear-Quiet,2
175,Quadrant,2022-09-23,2022-09-29,Bear-Volatile,4
176,Quadrant,2022-09-29,2022-10-04,Bear-Quiet,3
177,Quadrant,2022-10-04,2022-10-27,Bear-Volatile,15
178,Quadrant,2022-10-27,2022-12-06,Bull-Quiet,27
179,Quadrant,2022-12-06,2023-04-17,Bear-Quiet,88
180,Quadrant,2023-04-17,2023-04-21,Bull-Quiet,4
181,Quadrant,2023-04-21,2023-04-24,Bear-Quiet,1
182,Quadrant,2023-04-24,2023-05-16,Bull-Quiet,15
183,Quadrant,2023-05-16,2023-05-19,Bear-Quiet,3
184,Quadrant,2023-05-19,2023-05-24,Bull-Quiet,3
185,Quadrant,2023-05-24,2023-05-25,Bear-Quiet,1
186,Quadrant,2023-05-25,2023-05-31,Bull-Quiet,4
187,Quadrant,2023-05-31,2023-06-16,Bear-Quiet,12
188,Quadrant,2023-06-16,2023-06-19,Bull-Quiet,1
189,Quadrant,2023-06-19,2023-06-30,Bear-Quiet,8
190,Quadrant,2023-06-30,2023-07-31,Bull-Quiet,21
191,Quadrant,2023-07-31,2023-09-13,Bear-Quiet,31
192,Quadrant,2023-09-13,2023-09-20,Bull-Quiet,4
193,Quadrant,2023-09-20,2023-11-24,Bear-Quiet,44
194,Quadrant,2023-11-24,2024-01-08,Bull-Quiet,29
195,Quadrant,2024-01-08,2024-01-11,Bear-Quiet,3
196,Quadrant,2024-01-11,2024-01-16,Bull-Quiet,3
197,Quadrant,2024-01-16,2024-02-20,Bear-Quiet,23
198,Quadrant,2024-02-20,2024-02-21,Bull-Quiet,1
199,Quadrant,2024-02-21,2024-02-22,Bear-Quiet,1
200,Quadrant,2024-02-22,2024-02-27,Bull-Quiet,3
201,Quadrant,2024-02-27,2024-06-04,Bear-Quiet,63
202,Quadrant,2024-06-04,2024-06-07,Bear-Volatile,3
203,Quadrant,2024-06-07,2024-06-24,Bull-Volatile,10
204,Quadrant,2024-06-24,2024-06-25,Bear-Volatile,1
205,Quadrant,2024-06-25,2024-07-04,Bull-Volatile,7
206,Quadrant,2024-07-04,2024-07-25,Bull-Quiet,14
207,Quadrant,2024-07-25,2024-07-26,Bear-Quiet,1
208,Quadrant,2024-07-26,2024-08-02,Bull-Quiet,5
209,Quadrant,2024-08-02,2024-08-16,Bear-Quiet,9
210,Quadrant,2024-08-16,2024-08-19,Bear-Volatile,1
211,Quadrant,2024-08-19,2024-09-04,Bear-Quiet,12
212,Quadrant,2024-09-04,2024-09-06,Bull-Quiet,2
213,Quadrant,2024-09-06,2024-09-09,Bear-Quiet,1
214,Quadrant,2024-09-09,2024-09-10,Bull-Quiet,1
215,Quadrant,2024-09-10,2024-09-12,Bear-Quiet,2
216,Quadrant,2024-09-12,2024-09-18,Bull-Quiet,4
217,Quadrant,2024-09-18,2024-09-20,Bear-Quiet,2
218,Quadrant,2024-09-20,2024-09-30,Bull-Quiet,6
219,Quadrant,2024-09-30,2024-12-03,Bear-Quiet,43
220,Quadrant,2024-12-03,2024-12-05,Bear-Volatile,2
221,Quadrant,2024-12-05,2024-12-13,Bear-Quiet,6
222,Quadrant,2024-12-13,2024-12-19,Bull-Quiet,4
223,Quadrant,2024-12-19,2025-03-24,Bear-Quiet,65
224,Quadrant,2025-03-24,2025-03-26,Bull-Quiet,2
225,Quadrant,2025-03-26,2025-03-27,Bear-Quiet,1
226,Quadrant,2025-03-27,2025-04-01,Bull-Quiet,2
227,Quadrant,2025-04-01,2025-04-02,Bear-Quiet,1
228,Quadrant,2025-04-02,2025-04-07,Bull-Quiet,3
229,Quadrant,2025-04-07,2025-04-15,Bear-Volatile,4
230,Quadrant,2025-04-15,2025-04-25,Bull-Volatile,7
231,Quadrant,2025-04-25,2025-04-30,Bear-Volatile,3
232,Quadrant,2025-04-30,2025-05-21,Bull-Volatile,14
233,Quadrant,2025-05-21,2025-05-26,Bear-Volatile,3
234,Quadrant,2025-05-26,2025-05-28,Bull-Volatile,2
235,Quadrant,2025-05-28,2025-06-09,Bear-Volatile,8
236,Quadrant,2025-06-09,2025-06-10,Bull-Volatile,1
237,Quadrant,2025-06-10,2025-06-26,Bear-Quiet,12
238,Quadrant,2025-06-26,2025-07-04,Bull-Quiet,6
239,Quadrant,2025-07-04,2025-10-27,Bear-Quiet,77
240,Quadrant,2025-10-27,2025-11-04,Bull-Quiet,6
241,Quadrant,2025-11-04,2026-03-13,Bear-Quiet,89
242,Quadrant,2026-03-13,2026-04-17,Bear-Volatile,21
243,Quadrant,2026-04-17,2026-04-22,Bull-Volatile,3
244,Quadrant,2026-04-22,2026-04-23,Bear-Volatile,1
245,Quadrant,2026-04-23,2026-05-08,Bull-Volatile,11
246,Quadrant,2026-05-08,2026-05-11,Bear-Quiet,2
247,HMM,2020-04-15,2020-05-28,Crisis,29
248,HMM,2020-05-28,2020-07-10,Normal,31
249,HMM,2020-07-10,2020-09-21,Calm,51
250,HMM,2020-09-21,2020-10-08,Elevated,12
251,HMM,2020-10-08,2020-10-16,Normal,6
252,HMM,2020-10-16,2020-10-19,Elevated,1
253,HMM,2020-10-19,2020-10-28,Normal,7
254,HMM,2020-10-28,2020-12-21,Calm,37
255,HMM,2020-12-21,2021-01-20,Normal,21
256,HMM,2021-01-20,2021-02-01,Calm,7
257,HMM,2021-02-01,2021-03-09,Normal,26
258,HMM,2021-03-09,2021-05-17,Elevated,43
259,HMM,2021-05-17,2021-06-01,Normal,11
260,HMM,2021-06-01,2021-11-22,Calm,118
261,HMM,2021-11-22,2021-12-07,Elevated,11
262,HMM,2021-12-07,2021-12-08,Crisis,1
263,HMM,2021-12-08,2022-01-04,Elevated,19
264,HMM,2022-01-04,2022-01-24,Normal,14
265,HMM,2022-01-24,2022-02-24,Elevated,22
266,HMM,2022-02-24,2022-03-03,Crisis,4
267,HMM,2022-03-03,2022-03-30,Elevated,18
268,HMM,2022-03-30,2022-04-25,Normal,16
269,HMM,2022-04-25,2022-07-13,Elevated,56
270,HMM,2022-07-13,2022-07-21,Normal,6
271,HMM,2022-07-21,2022-08-30,Calm,26
272,HMM,2022-08-30,2022-09-16,Normal,12
273,HMM,2022-09-16,2022-10-27,Elevated,27
274,HMM,2022-10-27,2022-11-11,Normal,10
275,HMM,2022-11-11,2022-12-23,Calm,30
276,HMM,2022-12-23,2023-02-17,Elevated,39
277,HMM,2023-02-17,2023-02-23,Calm,4
278,HMM,2023-02-23,2023-04-12,Elevated,30
279,HMM,2023-04-12,2023-04-17,Normal,2
280,HMM,2023-04-17,2023-10-23,Calm,130
281,HMM,2023-10-23,2023-11-23,Elevated,21
282,HMM,2023-11-23,2024-01-04,Normal,28
283,HMM,2024-01-04,2024-01-12,Calm,6
284,HMM,2024-01-12,2024-02-01,Normal,12
285,HMM,2024-02-01,2024-06-03,Calm,80
286,HMM,2024-06-03,2024-07-05,Normal,23
287,HMM,2024-07-05,2024-08-06,Calm,21
288,HMM,2024-08-06,2024-08-26,Elevated,13
289,HMM,2024-08-26,2024-09-04,Normal,7
290,HMM,2024-09-04,2024-09-12,Calm,6
291,HMM,2024-09-12,2024-10-04,Normal,15
292,HMM,2024-10-04,2024-12-13,Elevated,48
293,HMM,2024-12-13,2024-12-19,Normal,4
294,HMM,2024-12-19,2025-01-29,Elevated,28
295,HMM,2025-01-29,2025-01-30,Crisis,1
296,HMM,2025-01-30,2025-02-24,Elevated,18
297,HMM,2025-02-24,2025-02-25,Crisis,1
298,HMM,2025-02-25,2025-03-03,Elevated,3
299,HMM,2025-03-03,2025-03-04,Crisis,1
300,HMM,2025-03-04,2025-03-05,Elevated,1
301,HMM,2025-03-05,2025-03-07,Crisis,2
302,HMM,2025-03-07,2025-03-10,Elevated,1
303,HMM,2025-03-10,2025-03-11,Crisis,1
304,HMM,2025-03-11,2025-03-21,Elevated,7
305,HMM,2025-03-21,2025-04-07,Normal,10
306,HMM,2025-04-07,2025-04-16,Elevated,5
307,HMM,2025-04-16,2025-06-02,Normal,31
308,HMM,2025-06-02,2025-06-11,Elevated,7
309,HMM,2025-06-11,2025-07-22,Normal,29
310,HMM,2025-07-22,2025-08-28,Calm,25
311,HMM,2025-08-28,2025-09-12,Elevated,11
312,HMM,2025-09-12,2026-02-16,Calm,106
313,HMM,2026-02-16,2026-03-11,Elevated,16
314,HMM,2026-03-11,2026-04-08,Crisis,17
315,HMM,2026-04-08,2026-04-09,Elevated,1
316,HMM,2026-04-09,2026-04-10,Crisis,1
317,HMM,2026-04-10,2026-05-01,Elevated,14
318,HMM,2026-05-01,2026-05-11,Normal,6
319,HMM,2026-05-11,2026-05-11,Elevated,1
320,MarkovSwitch,2020-04-15,2020-04-22,Calm,5
321,MarkovSwitch,2020-04-22,2020-05-18,Stress,17
322,MarkovSwitch,2020-05-18,2020-06-03,Calm,11
323,MarkovSwitch,2020-06-03,2020-09-08,Stress,69
324,MarkovSwitch,2020-09-08,2020-10-08,Calm,21
325,MarkovSwitch,2020-10-08,2021-01-28,Stress,77
326,MarkovSwitch,2021-01-28,2021-02-03,Calm,4
327,MarkovSwitch,2021-02-03,2021-03-08,Stress,23
328,MarkovSwitch,2021-03-08,2021-05-19,Calm,46
329,MarkovSwitch,2021-05-19,2021-07-01,Stress,31
330,MarkovSwitch,2021-07-01,2021-08-09,Calm,26
331,MarkovSwitch,2021-08-09,2021-10-29,Stress,56
332,MarkovSwitch,2021-10-29,2022-01-04,Calm,45
333,MarkovSwitch,2022-01-04,2022-01-27,Stress,16
334,MarkovSwitch,2022-01-27,2022-03-29,Calm,41
335,MarkovSwitch,2022-03-29,2022-04-20,Stress,14
336,MarkovSwitch,2022-04-20,2022-07-18,Calm,62
337,MarkovSwitch,2022-07-18,2022-09-09,Stress,36
338,MarkovSwitch,2022-09-09,2022-10-28,Calm,33
339,MarkovSwitch,2022-10-28,2022-12-14,Stress,32
340,MarkovSwitch,2022-12-14,2023-04-18,Calm,83
341,MarkovSwitch,2023-04-18,2023-06-12,Stress,38
342,MarkovSwitch,2023-06-12,2023-06-15,Calm,3
343,MarkovSwitch,2023-06-15,2023-06-27,Stress,8
344,MarkovSwitch,2023-06-27,2023-06-30,Calm,2
345,MarkovSwitch,2023-06-30,2023-08-03,Stress,24
346,MarkovSwitch,2023-08-03,2023-09-14,Calm,29
347,MarkovSwitch,2023-09-14,2023-09-28,Stress,9
348,MarkovSwitch,2023-09-28,2023-11-28,Calm,39
349,MarkovSwitch,2023-11-28,2024-01-18,Stress,36
350,MarkovSwitch,2024-01-18,2024-02-22,Calm,23
351,MarkovSwitch,2024-02-22,2024-03-18,Stress,16
352,MarkovSwitch,2024-03-18,2024-06-10,Calm,54
353,MarkovSwitch,2024-06-10,2024-08-05,Stress,38
354,MarkovSwitch,2024-08-05,2024-09-04,Calm,21
355,MarkovSwitch,2024-09-04,2024-10-04,Stress,21
356,MarkovSwitch,2024-10-04,2024-12-16,Calm,49
357,MarkovSwitch,2024-12-16,2024-12-23,Stress,5
358,MarkovSwitch,2024-12-23,2025-03-26,Calm,65
359,MarkovSwitch,2025-03-26,2025-04-08,Stress,8
360,MarkovSwitch,2025-04-08,2025-04-16,Calm,4
361,MarkovSwitch,2025-04-16,2025-06-03,Stress,32
362,MarkovSwitch,2025-06-03,2025-06-09,Calm,4
363,MarkovSwitch,2025-06-09,2025-06-10,Stress,1
364,MarkovSwitch,2025-06-10,2025-06-30,Calm,14
365,MarkovSwitch,2025-06-30,2025-07-10,Stress,8
366,MarkovSwitch,2025-07-10,2025-10-27,Calm,73
367,MarkovSwitch,2025-10-27,2025-11-20,Stress,17
368,MarkovSwitch,2025-11-20,2026-04-17,Calm,99
369,MarkovSwitch,2026-04-17,2026-05-11,Stress,16
370,MarkovSwitch,2026-05-11,2026-05-11,Calm,1
371,JumpModel,2020-04-15,2020-05-28,Crisis,29
372,JumpModel,2020-05-28,2020-08-17,Normal,57
373,JumpModel,2020-08-17,2020-08-25,Calm,6
374,JumpModel,2020-08-25,2020-09-09,Normal,11
375,JumpModel,2020-09-09,2020-09-10,Elevated,1
376,JumpModel,2020-09-10,2020-09-11,Normal,1
377,JumpModel,2020-09-11,2020-09-14,Elevated,1
378,JumpModel,2020-09-14,2020-09-17,Normal,3
379,JumpModel,2020-09-17,2020-10-08,Elevated,14
380,JumpModel,2020-10-08,2020-10-15,Normal,5
381,JumpModel,2020-10-15,2020-10-19,Elevated,2
382,JumpModel,2020-10-19,2020-12-09,Normal,36
383,JumpModel,2020-12-09,2020-12-21,Calm,8
384,JumpModel,2020-12-21,2021-01-29,Normal,27
385,JumpModel,2021-01-29,2021-02-01,Elevated,1
386,JumpModel,2021-02-01,2021-02-22,Normal,15
387,JumpModel,2021-02-22,2021-02-24,Elevated,2
388,JumpModel,2021-02-24,2021-02-26,Normal,2
389,JumpModel,2021-02-26,2021-03-01,Elevated,1
390,JumpModel,2021-03-01,2021-03-05,Normal,4
391,JumpModel,2021-03-05,2021-05-17,Elevated,45
392,JumpModel,2021-05-17,2021-05-19,Normal,2
393,JumpModel,2021-05-19,2021-05-21,Elevated,2
394,JumpModel,2021-05-21,2021-06-01,Normal,7
395,JumpModel,2021-06-01,2021-08-05,Calm,46
396,JumpModel,2021-08-05,2021-08-06,Normal,1
397,JumpModel,2021-08-06,2021-08-20,Calm,9
398,JumpModel,2021-08-20,2021-08-23,Normal,1
399,JumpModel,2021-08-23,2021-08-31,Calm,6
400,JumpModel,2021-08-31,2021-09-01,Normal,1
401,JumpModel,2021-09-01,2021-09-16,Calm,10
402,JumpModel,2021-09-16,2021-09-17,Normal,1
403,JumpModel,2021-09-17,2021-10-11,Calm,16
404,JumpModel,2021-10-11,2021-10-12,Normal,1
405,JumpModel,2021-10-12,2021-10-19,Calm,4
406,JumpModel,2021-10-19,2021-10-21,Normal,2
407,JumpModel,2021-10-21,2021-10-25,Calm,2
408,JumpModel,2021-10-25,2021-10-26,Normal,1
409,JumpModel,2021-10-26,2021-11-18,Calm,16
410,JumpModel,2021-11-18,2021-12-06,Elevated,11
411,JumpModel,2021-12-06,2021-12-08,Crisis,2
412,JumpModel,2021-12-08,2022-01-04,Elevated,19
413,JumpModel,2022-01-04,2022-01-24,Normal,14
414,JumpModel,2022-01-24,2022-02-24,Elevated,22
415,JumpModel,2022-02-24,2022-03-03,Crisis,4
416,JumpModel,2022-03-03,2022-03-30,Elevated,18
417,JumpModel,2022-03-30,2022-04-20,Normal,13
418,JumpModel,2022-04-20,2022-06-16,Elevated,40
419,JumpModel,2022-06-16,2022-06-17,Crisis,1
420,JumpModel,2022-06-17,2022-07-15,Elevated,20
421,JumpModel,2022-07-15,2022-08-12,Normal,19
422,JumpModel,2022-08-12,2022-08-30,Calm,11
423,JumpModel,2022-08-30,2022-09-15,Normal,11
424,JumpModel,2022-09-15,2022-10-27,Elevated,28
425,JumpModel,2022-10-27,2022-11-15,Normal,12
426,JumpModel,2022-11-15,2022-12-19,Calm,24
427,JumpModel,2022-12-19,2022-12-22,Normal,3
428,JumpModel,2022-12-22,2023-04-12,Elevated,74
429,JumpModel,2023-04-12,2023-04-18,Normal,3
430,JumpModel,2023-04-18,2023-06-30,Calm,51
431,JumpModel,2023-06-30,2023-07-11,Normal,7
432,JumpModel,2023-07-11,2023-07-21,Calm,8
433,JumpModel,2023-07-21,2023-07-24,Normal,1
434,JumpModel,2023-07-24,2023-08-31,Calm,27
435,JumpModel,2023-08-31,2023-09-04,Elevated,2
436,JumpModel,2023-09-04,2023-10-18,Calm,30
437,JumpModel,2023-10-18,2023-11-23,Elevated,24
438,JumpModel,2023-11-23,2024-02-12,Normal,53
439,JumpModel,2024-02-12,2024-02-14,Elevated,2
440,JumpModel,2024-02-14,2024-03-13,Calm,19
441,JumpModel,2024-03-13,2024-03-14,Normal,1
442,JumpModel,2024-03-14,2024-04-18,Calm,21
443,JumpModel,2024-04-18,2024-04-19,Elevated,1
444,JumpModel,2024-04-19,2024-05-03,Calm,9
445,JumpModel,2024-05-03,2024-05-07,Elevated,2
446,JumpModel,2024-05-07,2024-05-08,Normal,1
447,JumpModel,2024-05-08,2024-05-09,Calm,1
448,JumpModel,2024-05-09,2024-05-14,Elevated,3
449,JumpModel,2024-05-14,2024-06-03,Calm,13
450,JumpModel,2024-06-03,2024-06-24,Normal,14
451,JumpModel,2024-06-24,2024-06-25,Elevated,1
452,JumpModel,2024-06-25,2024-07-08,Normal,9
453,JumpModel,2024-07-08,2024-07-09,Calm,1
454,JumpModel,2024-07-09,2024-07-26,Normal,12
455,JumpModel,2024-07-26,2024-08-05,Calm,6
456,JumpModel,2024-08-05,2024-08-26,Elevated,14
457,JumpModel,2024-08-26,2024-09-04,Normal,7
458,JumpModel,2024-09-04,2024-09-06,Calm,2
459,JumpModel,2024-09-06,2024-10-03,Normal,18
460,JumpModel,2024-10-03,2024-12-13,Elevated,49
461,JumpModel,2024-12-13,2024-12-18,Normal,3
462,JumpModel,2024-12-18,2025-01-29,Elevated,29
463,JumpModel,2025-01-29,2025-01-30,Crisis,1
464,JumpModel,2025-01-30,2025-02-24,Elevated,18
465,JumpModel,2025-02-24,2025-02-25,Crisis,1
466,JumpModel,2025-02-25,2025-03-03,Elevated,3
467,JumpModel,2025-03-03,2025-03-04,Crisis,1
468,JumpModel,2025-03-04,2025-03-05,Elevated,1
469,JumpModel,2025-03-05,2025-03-07,Crisis,2
470,JumpModel,2025-03-07,2025-03-10,Elevated,1
471,JumpModel,2025-03-10,2025-03-11,Crisis,1
472,JumpModel,2025-03-11,2025-03-20,Elevated,6
473,JumpModel,2025-03-20,2025-04-07,Normal,11
474,JumpModel,2025-04-07,2025-04-15,Elevated,4
475,JumpModel,2025-04-15,2025-06-03,Normal,33
476,JumpModel,2025-06-03,2025-06-09,Elevated,4
477,JumpModel,2025-06-09,2025-06-19,Normal,8
478,JumpModel,2025-06-19,2025-06-20,Elevated,1
479,JumpModel,2025-06-20,2025-06-23,Normal,1
480,JumpModel,2025-06-23,2025-06-25,Elevated,2
481,JumpModel,2025-06-25,2025-07-14,Normal,13
482,JumpModel,2025-07-14,2025-07-15,Elevated,1
483,JumpModel,2025-07-15,2025-07-22,Normal,5
484,JumpModel,2025-07-22,2025-07-28,Calm,4
485,JumpModel,2025-07-28,2025-07-30,Elevated,2
486,JumpModel,2025-07-30,2025-08-01,Calm,2
487,JumpModel,2025-08-01,2025-08-04,Elevated,1
488,JumpModel,2025-08-04,2025-08-08,Calm,4
489,JumpModel,2025-08-08,2025-08-11,Elevated,1
490,JumpModel,2025-08-11,2025-08-12,Calm,1
491,JumpModel,2025-08-12,2025-08-18,Elevated,3
492,JumpModel,2025-08-18,2025-08-26,Calm,6
493,JumpModel,2025-08-26,2025-09-10,Elevated,10
494,JumpModel,2025-09-10,2025-09-30,Calm,14
495,JumpModel,2025-09-30,2025-10-07,Elevated,4
496,JumpModel,2025-10-07,2026-01-01,Calm,59
497,JumpModel,2026-01-01,2026-01-02,Normal,1
498,JumpModel,2026-01-02,2026-01-20,Calm,12
499,JumpModel,2026-01-20,2026-01-28,Elevated,5
500,JumpModel,2026-01-28,2026-01-29,Calm,1
501,JumpModel,2026-01-29,2026-02-04,Elevated,4
502,JumpModel,2026-02-04,2026-02-05,Normal,1
503,JumpModel,2026-02-05,2026-03-11,Elevated,23
504,JumpModel,2026-03-11,2026-04-08,Crisis,17
505,JumpModel,2026-04-08,2026-04-09,Elevated,1
506,JumpModel,2026-04-09,2026-04-10,Crisis,1
507,JumpModel,2026-04-10,2026-05-01,Elevated,14
508,JumpModel,2026-05-01,2026-05-05,Normal,2
509,JumpModel,2026-05-05,2026-05-06,Elevated,1
510,JumpModel,2026-05-06,2026-05-07,Normal,1
511,JumpModel,2026-05-07,2026-05-11,Elevated,3
